[
    {
        "stockName":"JUBFOOD",
        "companyName": "Jubliant FoodWorks",
        "cost":1378,
        "MktCap":"181.17 Billion USD",
        "PERatio":56.80,
        "prevClose":1383.85,
        "wkHigh52":1977.90,
        "wkLow52":1077.33
    },
    {
        "stockName":"ITCLtd",
        "companyName": "ITC Ltd",
        "cost":166,
        "MktCap":"2004.41 Billion USD",
        "PERatio":13.70,
        "prevClose":166.40,
        "wkHigh52":310.00,
        "wkLow52":134.60
    },
    {
        "stockName":"HDFBAN",
        "companyName": "HDFC Bank",
        "cost":1150,
        "MktCap":"4550.41 Billion USD",
        "PERatio":17.34,
        "prevClose":829.40,
        "wkHigh52":1395.00,
        "wkLow52":738.60
    },
    {
        "stockName":"INTAVI",
        "companyName": "Indigo",
        "cost":1354,
        "MktCap":"378.41 Billion USD",
        "PERatio":31.53,
        "prevClose":999.40,
        "wkHigh52":1910.00,
        "wkLow52":771.60
    },
    {
        "stockName":"RELIND",
        "companyName": "Reliance Industries Ltd.",
        "cost":1012,
        "MktCap":"6860.41 Billion USD",
        "PERatio":15.63,
        "prevClose":1066.40,
        "wkHigh52":1630.00,
        "wkLow52":834.60
    }
]